﻿<?xml version="1.0" encoding="utf-8"?>
<!--This is External dtd-->
<!--<!DOCTYPE EmployeeDetails SYSTEM "ExternalEmpInfo.dtd" >-->
<EmployeeDetails  xmlns:xsi="http://www.w3.org/2001/XMLSchema-instance" 
                  xsi:noNamespaceSchemaLocation="EmpInfoSchema.xsd">
  <!--Root Tag-->
  <Employee EmpId="100">
    <Name>
      <FirstName>Prince</FirstName>
      <LastName>Kum</LastName>
    </Name>
    <Department>HR</Department>
    <Designation>Developer</Designation>
    <Salary>
      <Basic>10000</Basic>
      <HRA>20000</HRA>
      <DA>35000</DA>
    </Salary>
  </Employee>
  
  <Employee EmpId="200">
    <Name>
      <FirstName>Hary</FirstName>
      <LastName>Por</LastName>
    </Name>
    <Department>IT</Department>
    <Designation>Manager</Designation>
    <Salary>
      <Basic>2000</Basic>
      <HRA>30000</HRA>
      <DA>45000</DA>
    </Salary>
  </Employee>
</EmployeeDetails>