﻿<?xml version="1.0" encoding="utf-8"?>  <!--This is External dtd-->
<!DOCTYPE EmployeeDetails SYSTEM "ExternalEmpInfo.dtd" >
<EmployeeDetails><!--Root Tag-->
  <Employee EmpId="A100">
    <Name>
      <FirtName>Prince</FirtName>
      <LastName>Kumar</LastName>
    </Name>
    <Department>HR</Department>
     <Designation>Developer</Designation>
    <Salary>
      <Basic>10000</Basic>
      <HRA>20000</HRA>
      <DA>35000</DA>
    </Salary>
  </Employee>
<Employee EmpId="B200">
    <Name>
      <FirtName>Hary</FirtName>
      <LastName>Porter</LastName>
    </Name>
    <Department>IT</Department>
  <Designation>Manager</Designation>
    <Salary>
      <Basic>20000</Basic>
      <HRA>30000</HRA>
      <DA>45000</DA>
    </Salary>
  </Employee>
</EmployeeDetails>